line1,line2,line3,source
Memorial Day --,a shadow for each,white cross,tempslibres
spring rain -,as the doctor speaks,i think of lilacs,tempslibres
spring moonset --,a rice ball for,breakfast,tempslibres
sunny afternoon,an old man lingers,near the mailbox,tempslibres
cinco de mayo,horses roll,in the shallows,tempslibres
quitting time,the smell of rain,in the lobby,tempslibres
waves,slowly cresting towards shore,a faint moon,tempslibres
overnight rain --,the scent of orange blossoms,in a desert town,tempslibres
misty summer rain,calling pheasant,in Zen temple,tempslibres
day is done,poppies amidst,the dying grass,tempslibres
watching clouds,the white petals,of a crushed crocus,tempslibres
mountain stream,   two well placed rocks,the path home,tempslibres
night shift--,in the parking lot car lights,dim near morning,tempslibres
a wild violet,on the sunny hill~,noon time nap,tempslibres
a sunny day,pink haze of the cherry blossoms,over the hill,tempslibres
polished oak --,the freesia's shadow ends,in coffee foam,tempslibres
nobody here,a table in the mountain,speckled with petals,tempslibres
first date,not even noticing,the new moon,tempslibres
vanishing difference . . .,  gliding geese settle onto,    their reflections,tempslibres
distant hawk,a gust of cherry petals,crosses the lawn,tempslibres
Orange sunrise peaks through,The tubes and wires of father's,Life support machine,tempslibres
moonlessness--,so many ways,I want to touch you,tempslibres
earth day--,even the shadows at dusk,smell green,tempslibres
so cold -,a goose honks its way,across the night sky,tempslibres
damp straw . . .,   the day-old colt mesmerized,       by the radio,tempslibres
prying,   at the window . . .,       wind,tempslibres
in winter's wind,the call of a friend,who now has cancer,tempslibres
rainy bridge-,the river flowing,faster,tempslibres
spring breeze-,the balcony's shadows,on my book,tempslibres
winter drizzle,all the passing faces look,into the cafe,tempslibres
smells of spring,adrift in the morning air,bubbles under ice,tempslibres
Spring morning,your hand on my breast,a bird,tempslibres
crossroads,the brown core,of an apple,tempslibres
hot afternoon,a flirting couple,in the memorial's shade,tempslibres
last red in the sky,a small girl's moon face rises,over the counter,tempslibres
day moon,the woman with silver hair,steps back into the shade,tempslibres
morning delivery --,snow comes in,with the FedEx man,tempslibres
Easter--,an anxious mother calls,in the wind,tempslibres
windless day,the prolific weeds,at the grave site,tempslibres
Spring day,cool and grey,cup of tea,tempslibres
Grey today,the waves rush,memories,tempslibres
Spring equinox,Pray the ancestor grave,In cold rain,tempslibres
folding chair,the newborn colt tries,to stand,tempslibres
scattered sun --,one chickadee,louder than the rest,tempslibres
orthopaedic clinic,a three-legged chair,outside the entrance,tempslibres
the plane's landing lights,a wave of barking,sweeps the neighbourhood,tempslibres
the way grass parts,as the pheasant passes,spring's end,tempslibres
at half-mast,a butterfly passes by,the still flag,tempslibres
half asleep -,the rhythm of the,receding rain,tempslibres
evening service --,light beams,into the night,tempslibres
watching summer clouds,thoughts shaping and,reshaping,tempslibres
geese honking---,children in the,bathtub playing,tempslibres
rabbit trail,nothing but ears,above the snow,tempslibres
late night at the office,an exit sign floats,next to the moon,tempslibres
celtic harp,the first raindrops touch,my cheeks,tempslibres
traffic jam,three saffron-robed men munch nuts,in their SUV,tempslibres
Valentine's Day,a forsythia,without birds,tempslibres
early spring air,all day long,our beds not made,tempslibres
husband away,washing his socks,by hand,tempslibres
her fresh flowers -,his fresh grave,valentine's day,tempslibres
valentines -,the mailman's steps,break the ice,tempslibres
only two pinecones,on the park bench ~,Valentine's day,tempslibres
"lakeside,",below the egret---,a city of lights,tempslibres
hedgerow birds,three boys share a spliff,by the school gate,tempslibres
after the rain,moon and stars,underfoot,tempslibres
dwindling bonfire,a shooting star,near Orion,tempslibres
cold night-,a plane blinks through,Orion's bow,tempslibres
dark tree silhouettes,low on the horizon,Orion rises,tempslibres
Science day,the programme begins,with rituals,tempslibres
traffic argument,the camel's sneer,is impartial,tempslibres
winter stars,suddenly a whiff,of perfume,tempslibres
 trains come and go,but the same people,drinks at bar,tempslibres
first raindrops,the freight train I passed,two states ago,tempslibres
silhouette. . .,  a shining snow path to,     a pale moon,tempslibres
thousands of miles,"away, her first birthday---",fresh mango,tempslibres
swimming across,the moonlit sky---,a gray carp,tempslibres
half moon,darkness drinking from an,alabaster teacup,tempslibres
floating,down river,an egret's shadow,tempslibres
a McDo box,floats towards the fountain,insect on board,tempslibres
new year...,a magpie turns over,an old leaf,tempslibres
new year,fireworks,in a misty sky,tempslibres
silence,the moon breaks through,the firework smoke,tempslibres
spring mist,the tree I take shelter under,planted in remembrance,tempslibres
lingering cold...,the last jar of maple syrup,on the cupboard shelf,tempslibres
"oh moon, moon",above so much powdery snow,father is still ill,tempslibres
deepening snow--,she leaves our atlas open,to her homeland,tempslibres
familiar names-,the warmth of a woodstove,in January,tempslibres
eddying leaves,the old woman's wrinkled face,and saree,tempslibres
morning mist,the iora is gone,before I recall its name,tempslibres
drifting fog,the house across the road,reappears,tempslibres
fading,right before my eyes,morning moon,tempslibres
morning glories,find their way to the sun,on barbed wire,tempslibres
summer rain,the smell of earth,in the air,tempslibres
early spring,everything,dripping,tempslibres
more rain -,mildew colors,the old roof,tempslibres
mountain storm,somewhere during its echo,the thunder ends,tempslibres
even my pee,stays inside this,cold winter night,tempslibres
snowfall---,a milk mustache,on my daughter's face,tempslibres
 drowned,in the sound of the rain,other familiar sounds,tempslibres
sun dog--,so many names,carved on the cliff ,tempslibres
"Fly,",be afraid!,No Buddhists in this house!,tempslibres
sundown,summer evening melts in dark,fragrance of tea~,tempslibres
before dinner...,the spider and a fly,share the sunset,tempslibres
he kissed me,on the fourth of july,fireworks!,tempslibres
working late,the sound of a small brown moth,in the lampshade,tempslibres
in the yard,between our argument -,a red dragonfly,tempslibres
free floating,a tide full of shell fragments,and fireworks ,tempslibres
late summer rain --,two kids break the bottles,under the bridge,tempslibres
morning fog,the bluebird's call,clearly audible,tempslibres
rain,the sound of a horse galloping,through leaves,tempslibres
 too hot to sleep,i search for my son's footprint,in the front drive,tempslibres
the boat crests a wave -,tracing my finger around,an ancient stone,tempslibres
a mosquito,aiming noisily <>,the sound of one hand,tempslibres
novocain prick--,the warmth where,the dental nurse leans,tempslibres
the smell,of many campfires,in this old hunting shirt,tempslibres
sculpting,"clay, the potter",at dawn,tempslibres
master wind,sweeping the temple,zealously,tempslibres
house cleaning---,the forest fire,at dawn,tempslibres
metal birds,fly south to the,forest fire,tempslibres
thunderstorm --,a shadow pauses,at the gate,tempslibres
crickets' songs,in the pitch-dark night --,how many secrets,tempslibres
earthquake,with the typhoon -- more coins,at the temple,tempslibres
food channel,between commercials,dinner burns,tempslibres
fading this,autumn night---,the heron's legs,tempslibres
we sip sweet tea,in silence. . .,a soldier's mother,tempslibres
fireside -,a son's face smiles down,from the mantelpiece,tempslibres
remembering summer,how brittle the leaves,underfoot,tempslibres
deep in the night,my computer turned off --,sound of autumn rain,tempslibres
no more war,two fighting beetles,on a tombstone,tempslibres
near the wall,of the cemetery,a condom,tempslibres
during the vigil,a withered flower,on the tiled floor,tempslibres
no moon--,the individual,songs of crickets,tempslibres
indian summer-,rouging her cheeks,as she waits for a drink,tempslibres
egrets,plucking shadows,at dusk,tempslibres
sugar for the tea,behind the bowl,a line of ants,tempslibres
fire ant mound,against the flower pot,after the rain,tempslibres
forgetting my words,step by step,the autumn night deepens,tempslibres
loud pub music,a long silence,between the flirting couple,tempslibres
autumn bonfire ,all my summer dreams,scatter with the smoke,tempslibres
fading light -,a red leaf bouquet,at the smallest grave,tempslibres
"out of the city,",so many stars,unnamed,tempslibres
solo trip,in the campfire smoke,old memories,tempslibres
one hundred views,of the sunrise -,appartment block,tempslibres
doves,on the TV antenna,war on TV,tempslibres
the red maple-,striptease,in the driveway,tempslibres
pumpkin moon:,tai chi movements time,the eclipse photos,tempslibres
frost,on the pumpkin:,lunar eclipse,tempslibres
All Saints Day -,in the field only small,pumpkins are left,tempslibres
all hallows eve---,stars paint the,cemetery ground,tempslibres
all saints day---,spent candles,in the cemetery,tempslibres
dark clouds---,a student drawing,with charcoal,tempslibres
typhoon passed--,one watering can,in the sandbox,tempslibres
typhoon passed--,comes the,local circus,tempslibres
red dragonflies,gather around the,blind person,tempslibres
letter from overseas,a call from southward geese,penetrates the thicket,tempslibres
indian summer,the neighbor's daughter sunbathes,beside their empty pool,tempslibres
scent of roses --,counting the stars,one by one,tempslibres
eating rice---,how many stars are,in the sky ?,tempslibres
falling leaves---,a trail of clothing,leads to the bed,tempslibres
"biting his nails,",a little boy watches,the outgoing tide,tempslibres
cold night---,my reflection,sipping coffee,tempslibres
November moon,the last ball of cheese,in the fridge,tempslibres
the Thanksgiving meal -,after eating the talk,slows down,tempslibres
around where the,steppingstone ends off,autumn gone,tempslibres
dawn --,the maple's colors,spread through the fog,tempslibres
geriatric ward--,the table groans,when they fold it up,tempslibres
watching,the lunar eclipse,a dead rose,tempslibres
moon viewing---,warming my hands,with a cup of coffee,tempslibres
Halloween night,ghosts and goblins,watch the rain,tempslibres
burning leaves --,Kerry concedes,the election,tempslibres
downpour -,the pumpkin's smile,goes out,tempslibres
indian summer,the viagra stock,deflates,tempslibres
an old temple,amongst cedar trees,too many leaves fallen...,tempslibres
from an old temple,to an old temple,autumn wind,tempslibres
hundreds of,gentians blooming--,class reunion,tempslibres
a new day --,the priest's robes,fill with snow,tempslibres
late harvester --,sickle moon in the sky,over the mature corn,tempslibres
silent phone,only the ring,from his teacup,tempslibres
the teacup,as empty as,my evening,tempslibres
a teacup,to fill,my afternoon,tempslibres
my day,measured out,in teaspoons,tempslibres
discarding,the tea leaves--,distant thunder,tempslibres
moonlight,baby's cheek,at breast,tempslibres
cold night,the clink of bottles,in a grocery cart,tempslibres
contemplating,nightfall---,the stone buddha,tempslibres
the offering,in front of the stone buddha,eaten by cats,tempslibres
"between two rivers,",the echo of,his mallet,tempslibres
sunday afternoon---,a steam train,pushes back the fog,tempslibres
winter clouds,seem to move slower too,in the cold night,tempslibres
it happened,just after the full moon,snow,tempslibres
long-distance train,men on the platform,talk on their mobiles,tempslibres
two minutes silence,a cell phone keeps ringing,Nehru smiles from his frame,tempslibres
Venus,a faint glow,from the refinery,tempslibres
predawn,a grey dove outside,my window,tempslibres
solstice,a shaft of sunlight,through rock,tempslibres
rainburst--,thoughts of you,fading,tempslibres
desert wind,the potter's fingerprints,on an ancient shard,tempslibres
another test,another doctor visit,long winter nights,tempslibres
arctic air,soothes the desert heat . . .,blended whiskey,tempslibres
December dusk -,a solitary pine tree,all lit up,tempslibres
christmas services,a cellular phone rings out,handel's messiah,tempslibres
dried wheat grass---,a bleached blond,combing her hair,tempslibres
no stars,in the sky tonight,hungry carp,tempslibres
breathless --,camellias falling,one by one,tempslibres
in the dry grass,frost appears,on the fallen pears,tempslibres
slate skys,chalk mark outlines,on the sidewalk,tempslibres
autumn,along the highway,buzzards wait,tempslibres
together,we watch the eclipse,far apart,tempslibres
last leaves,shaking on a branch,late migrators,tempslibres
empty sky,she turns love letters,into wings,tempslibres
a butterfly,hovers above me,friend's funeral,tempslibres
windstorm,the berry stains,on the path,tempslibres
Remembrance Day-,even the traffic,pauses for 2 minutes,tempslibres
21-gun salute-,mortar fire echoes,in his eyes,tempslibres
dignified march-,veterans and peacekeepers,pass the applause,tempslibres
 bare trees,in patches of fog,from here,tempslibres
wild fires,in the mist,the ashes,tempslibres
growing darkness,gleam of setting sun,on Chinese Lantern,tempslibres
rain scented air,a thousand frogs,croaking,tempslibres
grey sky,the cluster of white breaks up,into egrets,tempslibres
night traffic,the silent lake,seems much bigger,tempslibres
little pawprints,in the concrete,from the lost kitten,tempslibres
Danube dripping,from a housewife's bag,the tail of a carp,tempslibres
false dawn,sometimes i still,think of home,tempslibres
first frost -,a twirl of yellow leaves,as the bus passes,tempslibres
the same moon,shines on us both --,these cold sheets,tempslibres
sodium light -,a darker world beneath,the puddles,tempslibres
lockerbie -,the long walk from graveyard,into town,tempslibres
silbury hill -,my wife pregnant with our,first child,tempslibres
north winds ,snow flakes and,the smell of smoke,tempslibres
burning leaves,this foggy evening---,two kinds of smoke,tempslibres
stoplight,each of us tapping,to our own beat,tempslibres
laundry encounter,a plastic shark,falls out of a bath towel,tempslibres
'seven samurai' *,half the village burning,while my son makes popcorn,tempslibres
hard winter ground -,we argue about,the constellations,tempslibres
road accident,a crowd of teddies stares out,from the shop window,tempslibres
deep night,one cricket chirps,anyhow,tempslibres
ants transport a moth,traffic noise penetrates,the bamboo grove,tempslibres
autumn breakfast,the last mosquito's hover,over my campfire,tempslibres
passing monarchs --,a few leaves flutter,to the road,tempslibres
waiting for winter---,eating rice balls,under a full moon,tempslibres
"scooping steamed rice,",the laborer,at sundown,tempslibres
windswept afternoon---,tea scent,on my tongue,tempslibres
grandfather's grave,just another stone,for the dragonfly,tempslibres
a sleepless hour,first the geese,then the train,tempslibres
fall clock,the deer by the pond,an hour earlier,tempslibres
morning troubles,it starts with a dead cricket,in the spider web,tempslibres
cotton fields*,the only white left,is the snow,tempslibres
peach moon . . .,the thin slice left,for us,tempslibres
grassy moon,we slip off our shoes,to count the stars,tempslibres
the fish lazily surface,in the pond nearby ~,the sun on my teacup,tempslibres
Parting the fog,blue nose of the ferry,homeward bound,tempslibres
Autumn sky,many layers of clouds,pile of leaves,tempslibres
Autumn sky,shades of pink and purple,field of pumkins,tempslibres
last light,sounds of crows settling,in the tree,tempslibres
chirping birds --,the instant I press,the stop button,tempslibres
plasma tv -,in high resolution,the homeless man's face,tempslibres
the sound of geese,drowned by the sound of the train,this morning,tempslibres
At breakfast,after first sip of coffee,i notice a rainbow,tempslibres
cicadas,at twilight,finally it rains,tempslibres
fading bougainvillea, in the night sky . . .,    mars!,tempslibres
afternoon lull,the traffic island,crowded with pigeons,tempslibres
bike tail lights,a lingering smell,of perfume,tempslibres
quiet lane,after the jasmine,smell of fried onions,tempslibres
gentle,on my window,summer rain,tempslibres
summer's end-,a cool rain slides,down the hollyhocks,tempslibres
summer's end,my hand lingers,in the dry grass,tempslibres
hungry,half of the moon,hidden,tempslibres
rain,another leaf,down,tempslibres
sharia,the sound of one hand,clapping,tempslibres
acorn falls,the sound of rain,continues,tempslibres
First day of autumn,splash of a spawning salmon,another cycle begins,tempslibres
Last day of September,bay and islands in fog,aroma of coffee,tempslibres
First day of October,the morning sun in my eyes,clank of the furnace,tempslibres
A fine mist,covers the tall cedars,foggy glasses,tempslibres
splatting drops . . .,  moments ago they held,      a rainbow,tempslibres
hillside thunder,barely a rainbow in a plume,of smoke,tempslibres
morning camp,only an ember remains,but it's enough,tempslibres
blackout --,how bright Mars shines,this summer night!,tempslibres
rush hour ~,closing the car window,on my hair,tempslibres
black-out--,the holiday glow,of fireflies,tempslibres
black-out--,in my neighbor's house,a room to room glow,tempslibres
warmed-over coffee--,the gray gray sound,of winter rain,tempslibres
the old temple,a snake on the stone step,crawling away,tempslibres
sparrow song--,two ladies on the verandah,just before the rain,tempslibres
summer heat,my air conditioner,sweating,tempslibres
summer's end-,one haiku becomes,another,tempslibres
sunset,the shopkeeper burns incense,to drive out mosquitoes,tempslibres
sudden rain,cows crowd the entrance,to the hotel,tempslibres
opulent temple,pigeons occupy,every niche,tempslibres
Over the bay,August full moon rises,as days shorten,tempslibres
dog days --,the hill carried away,a truck at a time,tempslibres
lingering day --,I study the moss,in a park bench,tempslibres
last straw rejection --,the telemarketer tells me,I'm too old,tempslibres
summer's end,an orange sunset,crayoned on the wall,tempslibres
two moons,on August 27th,Mother's birthdate,tempslibres
Wild fires rage,scent of cedar,fills the air,tempslibres
children dancing,circles in the rain-,autumn leaves,tempslibres
falling leaves-,unpacking winter clothes,from cedar trunks,tempslibres
starless night--,Las Vegas spills,over the desert,tempslibres
garden embrace,the fresh smell of her,sun dried laundry,tempslibres
kitchen embrace,the smell of her hot,apple pie,tempslibres
farewell embrace,a faint essence,of mothballs,tempslibres
fallen tree,the poor woman's axe,gleams brightly,tempslibres
muddy street,the black pig's feet,and tail tip are white,tempslibres
unkempt garden,a hibiscus blooms,amongst the weeds,tempslibres
pleasantly drunk,in the orchard,a flock of waxwings,tempslibres
bonfire's glow,my niece cups her hands,around a firefly,tempslibres
dark,clouds,a pigeon,tempslibres
Twin Towers-,where once two shadows,now only sun,tempslibres
rice seedlings-,each step deeper,in the mud,tempslibres
the moon,in every puddle,the same,tempslibres
the stench,of a dead sheep,in summer,tempslibres
sad words,and tears in my teacup,rainstorm,tempslibres
rainy New York,from the tenth storey window,black umbrellas bloom,tempslibres
rainy Baltimore,umbrella blossoms,in cafe windows,tempslibres
summer wind,the blue jay's reflection,in the birdbath,tempslibres
Memorial Day,a layer of dust,covers his urn,tempslibres
cloudburst,the flies are already,in the house,tempslibres
soft rain,the sound of hammering,from the construction site,tempslibres
sunset --,the day's heat,still in the car,tempslibres
end of the drought --,a mushroom tilts,under the spruce,tempslibres
 day moon -,the girl brushing her hair,smiles suddenly,tempslibres
lifting fog,the face of an old friend,on my morning walk,tempslibres
daybreak ...,still sipping bitter coffee,we rehash last night,tempslibres
cloud shadows --,and eagle picks over,what the tide left,tempslibres
ebb tide --,a photo of a missing girl,flutters in the breeze,tempslibres
first raindrops --,frog bones in,the middle of the path,tempslibres
after the long wait . . .,  two unattended dove eggs,      in summer rain,tempslibres
walking to work -,the blossoms on my street,late this year,tempslibres
morning mist--,a canada goose,asleep on the dock,tempslibres
summer solstice,he remembers,to lift the sea,tempslibres
fresh paint,a white moth circles,the bug light,tempslibres
slow boats --,the wind pushes a butterfly,out to sea,tempslibres
Reading a book,a sudden brightness,the full moon,tempslibres
Falling leaves,I already miss you,This winter,tempslibres
storm warnings . . .,sunday afternoon by the fire,mail from an old friend,tempslibres
Shivering,in the cold spring air.,  Plum blossoms!,tempslibres
it's as if winter,is about to leave,mom,tempslibres
minus forty-six,steam from the coffee,warms my nose,tempslibres
skyscraper,a window-washer squeegees,the thunderhead,tempslibres
High winds,trees down on power lines,no morning coffee,tempslibres
On a grey day,a spot of colour,his red hair,tempslibres
3:00 a.m.--,through sounds of winter rain,the mail plane landing,tempslibres
no wind tonight,across this reach of prairie,all those stars,tempslibres
a dry new year,december snowman begins,to show his age,tempslibres
first snow,the asylum seeker,thoughts on the land,tempslibres
checking dividends,on the cashpoint screen,to and fro...an ant,tempslibres
sunshine and snow,the boys in the reserves,watch the letterbox,tempslibres
rumors of war --,removing decorations,from the Christmas tree,tempslibres
insomnia,the mouse,has it too,tempslibres
stars at dusk,a spray of willow buds,by the gate,tempslibres
untrodden snow --,my breath clouds the way,into the trees,tempslibres
crescent moon --,I follow the trail of,a dragged Christmas tree,tempslibres
fireworks gone,Orion's beauty remains,in the stillness,tempslibres
Mass over--,the rush to be first,out of the lot,tempslibres
her plastic lifelines,in harsh hospital light -,"even fresh flowers, fade",tempslibres
home again,even the ants,seem familiar,tempslibres
along the road,shape of a willow,conforms to the trucks,tempslibres
obituary,a child's face,smiles from the page,tempslibres
new year's day . . .,     spent bottle-rockets,           in the road,tempslibres
wolf prints . . .,  the gas lantern,     splutters,tempslibres
white roads,leading nowhere ><,Happy New Year ?,tempslibres
drinking mulled wine,on the square --,white breaths,tempslibres
first Christmas,a tiny new stocking,joins the family,tempslibres
autumn sun,my shadow over,tombstones,tempslibres
fly fishing;,the sound of the wind,in the reel,tempslibres
mountain cave --,from out of darkness,the morning light,tempslibres
chill night,new fallen pear blossoms,glow in the moonlight,tempslibres
changing winds,bring up your kite,and the Dow,tempslibres
fresh autumn breeze,or the advance of age?,forgotten tea...,tempslibres
60 today,the full moon,still rising,tempslibres
desert garden,frosted lettuce leaves,in the pink dawn,tempslibres
Passover darkness -,before the buds burst open;,a child's eyes in death.,tempslibres
misty morning,echoes of blue jay cries,through the pines,tempslibres
farmer's market,she paints a flower,on a child's cheek,tempslibres
montana morning,the horses with their backs,to blowing snow,tempslibres
street light sway ~,dreams of her linger,with the storm,tempslibres
tandem bicycle,wind in our hair,a shared laugh,tempslibres
fresh brewed coffee,cream and sugar swirls,she stirs in her thoughts,tempslibres
dry haystack,flames climb higher,against the night sky,tempslibres
spring breeze,blowing dandelions,in circles,tempslibres
Sack of cheeries ~,clouds grow dark on the road,to the coast,tempslibres
salmon sunrise,a splash resounds over,the calm bay,tempslibres
road closed,moose tracks continue on,local traffic only,tempslibres
chilled by spring winds,schoolgirls sniffing body spray,behind the gym,tempslibres
needle exchange,sharing a breakfast drink,in Museum Square,tempslibres
mayflowers,three small boys track down,terrorists,tempslibres
boy's bedroom,a blackbird's nest,found deep in the lilac,tempslibres
a lost child,in a ward of iron lungs,her daffodils,tempslibres
teeth in a glass,the nurse takes away his pot,of blue hyacinths,tempslibres
coffee cold,she clips the obituary,from many papers,tempslibres
august wind,on the dock seagulls,stand on two legs,tempslibres
strong winter wind,bits of Batman kite wings,fall from the tree,tempslibres
georgia peach,sweet cream and wrinkle remover,in the shopping cart,tempslibres
a skein of birds,twines across the sky,the northbound train departs,tempslibres
dawn chorus begins,I reach for,the snooze button,tempslibres
late rising moon,fireflies decorate,the tamarind tree,tempslibres
moving day,my life,reduced to boxes,tempslibres
rainstorm,ants drink,from a droplet,tempslibres
meteor watching --,a match lights up,an unknown face,tempslibres
Ancient roman ruins,along both sides of the road,white jet trail above...,tempslibres
Sky dewed with stars,cool air listening in news,a man was hanged.,tempslibres
Country cemetery,snail on corroded tombstone,trails from A to O...,tempslibres
leftover summer grass,... horses browse,through crusted snow,tempslibres
old leather saddle,cherry colored and shiny,smells of horse,tempslibres
dentist's office -,cracks between tiles,filled with dirt,tempslibres
raking the leaves ~,wind blows,the wrong way,tempslibres
hot beach sand...,between my fingers,a cigarette butt,tempslibres
between the second,and the third line -,short trip to bathroom,tempslibres
stupid arab -,he only wants to learn,to fly straight,tempslibres
egret stands,"in the blue rice field,",dusk creeps in,tempslibres
long centipede,on the ceiling- long talks,of what to do,tempslibres
white clouds drift,"in the August sky,",a child dreams,tempslibres
desire,the honey,inside me,tempslibres
Post Office --,stamped on the sidewalk,pink blossoms,tempslibres
straw hat -,flowers fading,under the sun,tempslibres
voices of loons,cross the misted cove,call and response,tempslibres
rainy day--,they give me back,my shoelaces,tempslibres
dusk--,the space between us,filling with snow,tempslibres
fragile morning--,a blue psilocybin in the middle,of the garden,tempslibres
Talking with you,now this morning somehow,scent of plumeria,tempslibres
Red as the poppy,maple leaves fall,on the memorial,tempslibres
First day of Autumn,even your touch feels,somewhat cooler,tempslibres
At last some sunshine,blue Pacifc this morning,boiling tea water,tempslibres
In the room,white lillies in the vase,scent of pepper,tempslibres
Light-studded ferry,passes in the starless night,another week-end,tempslibres
The sunrise,fresh salmon on ice,so very pink,tempslibres
A tunnel of fog,connects the two islands,warmth of my duvet,tempslibres
October morning,a new pair of new wool socks,on my very cold feet,tempslibres
Last night of Summer,the bright full moon of last night,hidden by a cloud,tempslibres
All my lights off,to watch the rising,of the Harvest moon,tempslibres
In this desert,a memory of blue sea --,shells in the sand,tempslibres
Federal Express,reaches me through the fog,plumeria lei,tempslibres
Midnight and full moon,my neighbour asks to borrow,the vacum cleaner,tempslibres
The blue iris,colour changing hue,soft Summer rain,tempslibres
A sea change,the weather turns cool,hot rum and lemon,tempslibres
moldy odors,in the nursing home,dying elders,tempslibres
february 15th,a broken heart,in the cookie box,tempslibres
smell of newsprint,twenty beauty queens,with one smile,tempslibres
gust of wind,a womans face lights up,by the cooking fire,tempslibres
rice-green pond,dark herons stand,in an arc,tempslibres
midnight,the moon dances,in my teacup,tempslibres
burnt-down house,yellow elders bloom,in the garden,tempslibres
waiting for moonrise,the moving red dot,becomes a plane,tempslibres
cool morning,a fog of insecticide,in the red truck's wake,tempslibres
harsh sunlight,faces peep through the bars,of the police van,tempslibres
moonrise,a woman croons,to her baby,tempslibres
burnt house,the owners name,on the iron gate,tempslibres
petrol fumes,smell of fresh bread,from the bakery,tempslibres
clacking rails,five languages,in the compartment,tempslibres
small talk,sixteen ants on the wall...,seventeen...,tempslibres
flight of egrets,a boy stands with his ear,to a telephone pole,tempslibres
last station,the king of hearts on the floor,of the compartment,tempslibres
sultry afternoon,little mirages,above the tar,tempslibres
melting tar,silk cotton drifts,across the road,tempslibres
smoky moon,a cloud of insects around,the street light,tempslibres
crystal morning,dried puke,on the car door,tempslibres
a bullock cart,loaded high with shoe boxes,the drivers cracked feet,tempslibres
empty street,the For Sale sign,overgrown with weeds,tempslibres
tree less corners,the tall shadows,of beer bottles,tempslibres
faded asters,the cortege pauses at her gate,moves on,tempslibres
biopsy,just a cyst - this time,a break in the clouds,tempslibres
plastic flowers,placed beside the highway,memory fades,tempslibres
troubled sleep --,steam rises,from a storm sewer,tempslibres
Wall Street watch --,the unnerving plunge,of her neckline,tempslibres
my daughter's 18th birthday --,the warming sunshine,in her hair,tempslibres
orthopedist's office --,all paintings tilted,slightly off center,tempslibres
stood up,by a part-time lover --,shooting star,tempslibres
english newspaper,a lot of starving people,between fish & chips,tempslibres
five star hotel -,a cockroach scurries,pool-side,tempslibres
his old hands,working the soil -,smell of brewed tea::    ses vieilles mains,tempslibres
forty-six years,writing my name,yellow in snow,tempslibres
at the memorial,a hawk's cry,scatters her ashes,tempslibres
hawk's hover -,the view of calm seas,through a gunport,tempslibres
mothers' day,I let the phone ring longer,for her,tempslibres
mid October,the sudden thinness,of my robe,tempslibres
wood flute music,through an open window,the crow's rasp,tempslibres
scenting two pages,of the Webster's Unabridged . . .,wild lilac,tempslibres
Valentine's dinner--,nothing on the menu,suits him,tempslibres
"from the armoire,",scent of passion in a candle,yet to be burned,tempslibres
stroke of  . . .,his snoring punctuated,by fireworks,tempslibres
a new year's bonfire,misty rain,on the embers,tempslibres
typhoon warning,a farmer on the path,between the rice fields,tempslibres
the farmer lady,a few daffodils in a basket,of white radish,tempslibres
March wind,a strawberry off,from my birthday cake,tempslibres
just extinguished-,smoke slowly curls,out pumpkin eyes,tempslibres
afternoon rain-,a neighbor opening her curtains,too,tempslibres
New-York September,the one-way sign points towards,the billowing cloud,tempslibres
Full moon night -,the shape of the mannequins' breasts,in the shop-window,tempslibres
inhaling spring -,her new breast,two months old,tempslibres
requiem mass -,flecks of dust drift,in stifling air,tempslibres
morning rush,he finds a half red kiss,on his coffee cup,tempslibres
tense meeting --,my chewing gum,out of flavor,tempslibres
puddle,from last nights rain,reflects the clouds,tempslibres
cold snap -,more than my prints,on the camera,tempslibres
Day of the Oscars-,in the Spring sun,I plant onions...,tempslibres
yellow walnut leaves,slowly appear on the lawn--,early morning light,tempslibres
morning commute-,headlights fade,in the whiteout,tempslibres
solitary walk -,at nightfall the flash,of distant fireworks,tempslibres
sunlit helmet,the young soldier's eyes,invisible,tempslibres
sunday lunch,the chatter of children,among hard drinkers,tempslibres
eclipse,the path of the sun,blocked by billboards,tempslibres
harvest moon,i gather my thoughts,for winter,tempslibres
night of meteorites --,enjoying the sound of rain,instead,tempslibres
driving home,full moon,dancing in puddles,tempslibres
late summer,graffiti overgrown,with ivy,tempslibres
meditation room--,books of wisdom,lean left . . . and right,tempslibres
turning north--,sand from both oceans,in little jars,tempslibres
cool morning--,at the top of the rise,deer pass in the fog,tempslibres
sipping fresh cider--,both dippers,among the far stars,tempslibres
Sentinels of spring...,kites bobbing for attention,in saucy March winds,tempslibres
three days,of cold autumn rain --,a dull ache,tempslibres
waiting,for my illness to end --,November rain,tempslibres
my body,aching and feverish,after nightfall --,tempslibres
"thank you, mango---",for a moment i was,somewhere else,tempslibres
amber leaves,caught between 'for sale',and 'sold',tempslibres
season of mists. . .,a calling of wild geese,arrows south,tempslibres
old manor house,each empty room has,its own echo,tempslibres
hugs --,the spider on my,old friend's arm,tempslibres
spray painted log --,I try not to sit,on the word f***,tempslibres
between the yoga,and chi gung classes --,scent of burning sage,tempslibres
a few yellow leaves --,the construction site grows,towards my favorite tree,tempslibres
horizonless --,sky-colored ice,turns in the bay,tempslibres
week of rain --,the insect's trail,on the flattened leaf,tempslibres
noon glare --,the wind blows sand,out to sea,tempslibres
a white night --,salmon bones,curled against a log,tempslibres
dawn storm --,a bit of mountain ash,stirred into the snow,tempslibres
approaching winter --,I leave the seashell,at the bottom of my purse,tempslibres
morning haze --,ice drifts around,the river stones,tempslibres
a hawk searches,the dry grass --,sundogs,tempslibres
berry stains,along the sidewalk --,hint of frost,tempslibres
a bright morning --,the mud pulls away,from a frosty stone,tempslibres
sharp air --,the patch of blue,changes shape,tempslibres
new coolness --,a train's light moves,along the mountainside,tempslibres
a cold morning --,goose honks echo,off the pavement,tempslibres
steamed milk --,snowmelt running from,the coffee shop roof,tempslibres
walking meditation --,I pass through,a cloud of breath,tempslibres
the courtship songs,of so many birds --,wind through my shirt,tempslibres
spring currents --,the first gulls,picking bones,tempslibres
scent of new leaves --,a caterpillar swings,in a shaft of light,tempslibres
the empty bench --,spilled coffee,turned to ice,tempslibres
daylight moon --,the shadows of bubbles,under the ice,tempslibres
dog days --,driving to the lake,to watch the icebergs drift,tempslibres
after the rain --,a frog-shaped shadow,wavers in the puddle,tempslibres
wispy clouds --,the last blossom hangs,on the fireweed,tempslibres
discount store --,the unfinished tatoo,on the cashier's arm,tempslibres
new coolness --,a pool at the center,of the lupine leaves,tempslibres
spin cycle --,snow flakes swirl outside,the laundromat,tempslibres
sirens --,the wind pushes,a butterfly to the ground,tempslibres
the puddled field --,blades of grass,pierce a cloud,tempslibres
summer dust --,a caterpillar under,the whale bone arch,tempslibres
half-frog pose,I lie and listen,to the rain,tempslibres
fog patches --,a second little face,in the sonogram,tempslibres
a winged ant,crawls on hot asphalt --,end of summer,tempslibres
working Saturday --,the small shadows of pigeons,in the fog,tempslibres
night of meteors --,the first Christmas lights,go up on the block,tempslibres
scent of rain --,a whale-shaped cloud,hangs over the bay,tempslibres
between memories,and the parents' grave,the curtain of rain,tempslibres
skylight-,a contrail crosses,her line of coke,tempslibres
antique store-,the ocean loud,in a seashell,tempslibres
foggy glasses . . .,   a blurry paragraph,       above the bath water,tempslibres
the mailbox,captive in snowdrift,a letter from war,tempslibres
late afternoon ,a wind chime softly sings,in snowy garden,tempslibres
black ice,covers the street,uprooted tree,tempslibres
snow melt --,chewing gum spots appear,on the pavement,tempslibres
first crowing,breaks my sleep --,year of Rooster,tempslibres
traffic jam,melting snow runs,on the windshield,tempslibres
Japanese New Year,how small the new moon,in its halo,tempslibres
covered by snow,like the other stones,little Buddha,tempslibres
rivulets,on a foggy window,the cancer's spread,tempslibres
saying the rosary,a laborer,planting rice,tempslibres
rainy night---,her phone number,in my wallet,tempslibres
his shadow,passes me by---,the charcoal seller,tempslibres
the potter's fingers,wet with clay---,first rain,tempslibres
year's end --,a few tentative steps,on the river ice,tempslibres
garden wedding --,under the cherry blossoms,the bride's blush deepens,tempslibres
thaw--,a winter moth struggles,against a spider thread,tempslibres
evening rain,buying cherry trees,online,tempslibres
mid April,the grass finally,looks like grass,tempslibres
noon sun--,someone playing scales,on a saxophone,tempslibres
out of the fog,a white barn with painted,butterflies,tempslibres
paint peels off,the old white house,March thaw,tempslibres
same path,even in deep snow,the blind horse,tempslibres
shaving--,I share the mirror,with a spider,tempslibres
spring day,two hawks circle below,the contrails,tempslibres
spring flies,buzz above my head--,E flat,tempslibres
spring rain,cars slowly leave,the cemetery,tempslibres
starless sky,dead batteries,in the flashlight,tempslibres
campfire coffee. . .,condor wings glean,the first rays of sun,tempslibres
seed catalogues,in the mail daily--,morning snow fluries,tempslibres
drip.drip.drip.drip.drip.,the anticipation,of maple syrup,tempslibres
new March snow,the grouse with a missing toe,still around,tempslibres
quick mid-winter thaw,each icicle drips,at its own pace,tempslibres
"topless,",the skyscraper,in rain mist,tempslibres
summer twilight,push mowers stop,for crickets,tempslibres
fresh sawdust,among the birches --,his bent shoulders,tempslibres
fragrant daphne <>,the money collector stops,before he knocks,tempslibres
hailstorm <>,under the groaning roof,I hold my breath,tempslibres
alone,in the tea house,rainy night,tempslibres
blinding snow,man and dog tracks,run together,tempslibres
cold rain,a bunch of daffodils,against the brick wall,tempslibres
night stillness,a new mail,in the inbox,tempslibres
Valentine's Day,a red rose,stuck in the snow,tempslibres
courtyard of my childhood --,after so many dead people,the old lilac in bloom,tempslibres
I completely forgot,"the magnolia-tree,",till its bloom,tempslibres
I light on again,the candle on her grave,extuinguished by wind,tempslibres
under floating clouds,the cherry blossom snow --,in the same direction,tempslibres
Valentine's Day --,awakened by a kiss,from the dog,tempslibres
drumming,heartbeat,in the mist,tempslibres
In the space-between,trees and mist,a white buffalo,tempslibres
a famished mallard,has emigrated,to the city zoo,tempslibres
an ancient path,in a sky without time,departing geese,tempslibres
her Sunday dress,the color of bruises,merging,tempslibres
Saturday night,the sound of weeping,seeps from the wall,tempslibres
warm rain on the pond,my thoughts rise,with the koi,tempslibres
to the headstone,old footsteps frozen,in old snow,tempslibres
pissing in a puddle,droplets of moonlight,on her sandal,tempslibres
mango flavoured tea,in a silver tin - departing guests,linger a while,tempslibres
cold snap-,her pause before,each tulip,tempslibres
Coltrane,two floors up...floats,out a window,tempslibres
her hair,brushed with moonlight...,forty years ago,tempslibres
flat moon ...,an aspirine tablet and a,glass of water,tempslibres
I wake beside,my daughter's sick bed,a howling dog,tempslibres
bitter cold--,we don't chase the lone crow,from the sparrow's food,tempslibres
that long-ago kiss--,and still Orion strides,the winter sky,tempslibres
drunk tonight---,an elixir of cherry blossoms,and moonlight,tempslibres
eyeing,the apple,at buddha's feet,tempslibres
"the farmer,",planting corn under,a pregnant moon,tempslibres
a fly beats,against the window --,melting snow,tempslibres
a soda can,shot full of holes --,spring sun,tempslibres
Easter morning --,I head out into,trackless snow,tempslibres
first pussy willows --,the sound of a woodpecker,shifts again,tempslibres
home sick --,just the sound,of icicles dripping,tempslibres
spring frost --,a tower light pierces,the sunset,tempslibres
spring in the air --,my walking stick pierces,crusted snow,tempslibres
subzero --,a moth flies towards,the moonlit door,tempslibres
dachau,a blue sky above,the chimneys,tempslibres
morning frost,she leaves,first,tempslibres
evening walk,smell of tar between,pines,tempslibres
on CNN,if you listen carefully,you can hear,tempslibres
december,a long shadow,joins another,tempslibres
end of path,snowflakes melting,on the pond,tempslibres
late winter -,opening the saijiki,to early spring,tempslibres
drunk on the beach-,the moon in my sake cup,disappears,tempslibres
after its first flight,the young gerfalcon's talons,tighter on my glove,tempslibres
chill wind,beneath the monk's robe,a naked monk,tempslibres
sudden gust,carp leap from poles,to gulp the air,tempslibres
moonless night,a cereus cactus opens,solstice blooms,tempslibres
ex-girlfriend,with a baby carriage,spring rain,tempslibres
the gap,between the mountains,filled with fog,tempslibres
somewhere,in the graveyard,birdsong,tempslibres
pelting rain,on the car radio,nothing but blues,tempslibres
also,in the fog,the scent of autumn,tempslibres
cold dark night,the warmth of her hand,in mine,tempslibres
behind the man,in the open doorway,nothing but darkness,tempslibres
snow and rain mixed,my angry words,and her tears,tempslibres
death,of an old friend,my cup empty,tempslibres
winter night,finding my pajama bottoms,on my wife,tempslibres
70 mph,the infant snores,a bit slower,tempslibres
light rain,"on sweet, sweet clover",late summer's dusk,tempslibres
winter rain,the confusion in her voice,all over again,tempslibres
no island,in the bay today,morning fog,tempslibres
stop sign,thru the bullet holes,ghetto moon,tempslibres
rainy morning,the haijin stirs,sugar in his coffee,tempslibres
Central Park,the echo of her voice,in every direction ,tempslibres
sunny day,a wasp tastes,everyone's beer,tempslibres
dusk--,the mason jar filled,with fireflies,tempslibres
Eucharist,pious women still weeping,for Jesus ,tempslibres
winter wonderland,even the burnt out car,looks beautiful,tempslibres
afternoon tea --,the old climbing rose,somehow whiter,tempslibres
chilly tea-time --,finding new cyclamen leaves,in an old plant-pot.,tempslibres
almost home,the full moon between,two houses,tempslibres
roadside rest stop,he adds a haiku,to the graffiti,tempslibres
dull pencil,the staff meeting goes,on and on,tempslibres
senior's home,we celebrate the new year,a 7:00 pm,tempslibres
strong wind,back and forth on lake ice,streetlight reflections,tempslibres
black hole,near beaver dam a whirlpool spins,autumn leaves vanish,tempslibres
balmy evening,the stillness of sheets,on the line,tempslibres
sultry afternoon,only the mailbox shadow,crosses the dirt road,tempslibres
long journey back home --,a forgotten bale of hay,slowly rots away,tempslibres
afternoon escape,within the prison walls,a library,tempslibres
strong April wind,the smell of Iowa hogs,in Minnesota,tempslibres
homework --,after the school bus passes,a spider rebuilds,tempslibres
in the orchard,rotten apples now crunchy,winter solstice,tempslibres
her famous blue haiku,about her divorce,and his cactus,tempslibres
fading light -,the stone steps brighter,than the foliage,tempslibres
storm clouds -,mother searches for,candles,tempslibres
lavender blooms,next to the violets,in a blue pot,tempslibres
after a cold night,a cup of coffee -,"oh, man!",tempslibres
Xmas away from home -,B-52 pilot,dressed as Santa,tempslibres
hedgehog in the fog,looking for apples,under the wrong tree,tempslibres
van gogh's blue irises,"hangs on a wall, with",other gardens,tempslibres
restless night,the morning starts,without me,tempslibres
in the grasses,crickets calling,the full moon,tempslibres
old pond -,another lily,in bloom,tempslibres
storm clouds -,the roofer talks about,overtime,tempslibres
nearly eighty -,opening,a jar of preserves,tempslibres
a dark horse,with a blue harness --.,winter solstice,tempslibres
spring wind --,the magnolia sweeps,the sky,tempslibres
night shift --,he tree frogs sing a road,through the forest,tempslibres
Nun and monk,watching the blue heron,fishing in the bay,tempslibres
Autumn mist obscures,the island in the distance,she cleans her glasses,tempslibres
winter night,hot buttered rum,fog on glasses,tempslibres
In the forest,patches of blue between,the tall pines,tempslibres
The tall pines,etched against the sky,late September,tempslibres
Nun and monk,read the book together,in two tongues,tempslibres
rainy day,in the rainforest,"drip, drip, drip",tempslibres
The curved cheek,of the young monk,sunlight on the bay,tempslibres
the seasons change,she buys new,colour contacts,tempslibres
lost in her mind,fields of white daisies,and summer,tempslibres
mason jar,full of dead fireflies,dark night,tempslibres
half-dark sky,a slow roll of thunder,joins the cicada,tempslibres
wave-sound,the smooth stone,fits my hand,tempslibres
lost friendship,a stray wisp of fog clings,to the canyon,tempslibres
hot night,the moon nearly full,the mosquitoes too,tempslibres
funeral procession,a bee lands,on the flowers,tempslibres
Gandhi's birthday,constantly relighting candles,during the peace March,tempslibres
morning radio news,a snail crawls up the front wheel,of the express bus,tempslibres
hilltop,the clouds,rising to my feet,tempslibres
morning chill,a spider's web gleams,on the barbed wire,tempslibres
along the pavement,snatches of the same song,from different radios,tempslibres
monotonous rain,frogs singing,in many voices,tempslibres
clear night,a fireworks flower,opens against the full moon,tempslibres
monsoon clouds,a solitary,bright red kite,tempslibres
rain clouds,a kingfisher watches,the busy traffic,tempslibres
sultry afternoon,iridiscent fly gleams green,or maybe blue,tempslibres
dry stream bed,clouds drift,above the train,tempslibres
windy,a floating leaf,turns butterfly,tempslibres
cloudburst,two men in the doorway,chat about war,tempslibres
her father's grave -,the little girl leaves a picture,of a dinosaur,tempslibres
Handel's Messiah,the same tapes my late-grandmother,listened to,tempslibres
my son's twelfth birthday,a rabbit hops,across the busy street,tempslibres
distant thunder --,a shower of pollen,falls from the trees,tempslibres
sunny spring day,walking through a cloud,of perfume,tempslibres
staring at me,from the bathroom mirror,an age spot,tempslibres
the end of summer --,my light beer,suddenly darker,tempslibres
Autumn colors --,the receptionist's,bright red hair,tempslibres
Ash Wednesday --,the priest,lights a cigarette,tempslibres
between,silent construction cranes,the Milky Way,tempslibres
first frost --,I trim,my graying beard,tempslibres
three shades too dark,the lipstick,on his collar,tempslibres
my daughter starts college --,another empty,pint of beer,tempslibres
first day of vacation --,shooting star,on a moonless night,tempslibres
a familar name,on the victims list --,my coffee grows cold,tempslibres
where dirty snow,meets road salt,a dozen roses,tempslibres
afghan invasion --,the dog,on my side of the bed,tempslibres
Spring snow --,an expecting mother rests,her hands on her belly,tempslibres
the train arrives,one more sip,from an empty cup of coffee,tempslibres
approaching storm --,my twelve year-old's fascination,with war,tempslibres
energy crisis --,long line,at the coffee shop,tempslibres
snow mixes with rain --,my mother keeps calling me,by my brother's name,tempslibres
the haze lifts --,she tosses her hair,over her shoulder,tempslibres
my daughter's graduation,tightening the knot,on my necktie,tempslibres
away on business --,the restless cat,on your side of the bed,tempslibres
train running late,an ant climbs,the station wall,tempslibres
dangerous lightning --,she watches me,watching her,tempslibres
crowded train station --,the tap tap thump,of a blind man's cane,tempslibres
planning our trip,lightning flashes,beyond the horizon,tempslibres
wedding night,the parents of the bride,in separate beds,tempslibres
unhooking her bra,the moon peeks,over the treetops,tempslibres
snow outside,a small bowl,of imported oranges,tempslibres
blowing bubbles,my breath floats away,in different sizes,tempslibres
a temple garden,snowy path to bronze bell,having deep footprints,tempslibres
three feet distance,needed for reading my ku,without glasses,tempslibres
jumping ice cubes,all over the floor,... a hair in my whiskey,tempslibres
wiping the full moon,from a wet glossy table,with my bare hand,tempslibres
her garden bench,she was always sitting----,butterfly on moss,tempslibres
new freedom,blue dress now,a table cloth,tempslibres
stillness . . .,a few flat stones,beneath the pine,tempslibres
purple irises,stand still,rain or shine,tempslibres
lunch at the cove,the ebb and flow,of their conversation,tempslibres
crisp morning air,a bird left his feather,at my window,tempslibres
muggy night,a lizard on the window screen,- motionless,tempslibres
scent of lilies,orange pollen,on my white sweater,tempslibres
summer night breeze,each wish,on bamboo branches,tempslibres
rain clouds,fragrance of,sweet basil,tempslibres
moonless night -,the bell buoy,talks to itself,tempslibres
never in darkness,ground zero lights the night,New Year's Eve,tempslibres
morning tea,he cups his hands,around the glass,tempslibres
thrill of her flute -,twenty three years,of our lips touching,tempslibres
summer haze-,a lone grey wolf pads south,along the highway,tempslibres
stilled by the stream -,delicate frost flowers,crunch under work boots,tempslibres
after the guests leave,the lilies,open,tempslibres
"Lighting the room,",candle by candle;,a winter evening.,tempslibres
the mulberry--,one brief smell of cut wood,in two hours work,tempslibres
divorce hearing,we talk about,the rain,tempslibres
daybreak,the train graffiti drips,autumn dew,tempslibres
stroke of midnight,the blast of foghorns,along the coast,tempslibres
after the rain,I check the growth,of each tulip,tempslibres
the night train passes,along the mountain trail,garlic snores,tempslibres
the rain,almost a friend,this funeral,tempslibres
carousel rider,the pole still warm,from her touch,tempslibres
gray drizzle,for miles and miles,this road I'm on,tempslibres
old cottonfields,a long time,between snows,tempslibres
harmonica player,he cups the cold,in his hands,tempslibres
our anniversary,so many candle flames,in the mirror,tempslibres
early summer,the ice cream truck,makes another round,tempslibres
ring around the moon,I remember parts,of a nursery rhyme,tempslibres
new gravesite,the persistent taps,of a woodpecker,tempslibres
empty bleachers,a late night fog,takes the field,tempslibres
butterfly on the windshield,another journey,incomplete,tempslibres
emergency broadcast,we head for the storm cellar,with a bottle of wine,tempslibres
late spring,each clock in the house,shows a different time,tempslibres
leaving home,the warmth still inside,my freshly ironed shirt,tempslibres
dead leaves and rust,a few things remain,in the fallout shelter,tempslibres
liberty market,one free pickle,from the barrel,tempslibres
evening walk,same flickering glow,house to house,tempslibres
Museum of Transport,"train, tracks and gravel",the morning sun warms up,tempslibres
between Lake Erie,and the nuclear station,fireflies,tempslibres
the wind all night,rips limbs from the trees-,a long wait for dawn,tempslibres
nearly 60 --,so many mountains around me,still unclimbed,tempslibres
passing cars,replace sheep,this sleepless night,tempslibres
reoccurrence,of cancer ---,no spring this year,tempslibres
slender grasses,and warm summer rain,touching the buddha,tempslibres
carousel music,the little girl's smile,comes round again,tempslibres
into dusk,the white rose,still whiter,tempslibres
wisp of clouds,the slow spiral of cream,in my espresso,tempslibres
almost dusk - ,the zigzag flight,of linked dragonflies,tempslibres
at the hotel,plugging in my laptop,for a touch of home,tempslibres
lifting fog --,a few white feathers,in the raven's breast,tempslibres
the evening train,almost empty --,sundogs,tempslibres
lenghtening days --,a bird's shadow crosses,the yellow wall,tempslibres
week of rain --,the henna tatoo,fading fast,tempslibres
low tide --,a shorebird's call,rises from the mud,tempslibres
bank thermometers --,the temperature changes,all the way home,tempslibres
wildfire haze,between the icebergs --,the blue wind,tempslibres
dandelions --,I lose sight of,the yellow butterfly,tempslibres
soft rain,fishing line parts,a cloud of gnats,tempslibres
Sunday drive --,all the rain clouds,toward home,tempslibres
summer salad --,a nasturtium burns,the tip of my tongue,tempslibres
season's end --,the scent of fish,drifts downstream,tempslibres
new moon --,lamplight fills the holes,in a shot-out sign,tempslibres
dusk--,a yellow leaf passes,through the beaver dam,tempslibres
subzero --,the icicles filled,with moonlight,tempslibres
new coolness --,a cloud passes through,the mountain notch,tempslibres
evening light,following the anchor line,into the sea,tempslibres
long cold snap --,the icicle,begins to fork,tempslibres
moss growing,on the manhole cover --,winter rain,tempslibres
how quickly,the nights grow longer --,fireweed in bloom,tempslibres
someone whistling,Blue Moon at the falls --,the mist,tempslibres
a spider web,caught in my hand;,scent of rain,tempslibres
a damp evening --,each of us with,our own cloud of gnats,tempslibres
a long split,in the black inky cap --,snow clouds,tempslibres
low clouds --,a gull circles above,the police car light,tempslibres
snowy banks --,the drifting duck leans,into a curve,tempslibres
my sweaty skin --,enough for three weeks,his ironed shirts,tempslibres
beggar's steps,at the bakery,slower and slower,tempslibres
my hand,    on her hip,         full moon,tempslibres
rain,the white lilac,low,tempslibres
over the hedge,a dragonfly,east,tempslibres
Deep autumn;,The apple colder,In the tree.,tempslibres
temple courtyard,through the morning fog,peach blossoms,tempslibres
winter -,white peonies,in falling snow,tempslibres
rain,falls from the trees,on the blue iris,tempslibres
winter beach -,three grey lines,"of sand, sea and sky",tempslibres
through lace ~,the tracery of frost,on glass,tempslibres
wisteria -,blooming before,the end of rain,tempslibres
full moon,only you at my window,an empty face,tempslibres
faintly purple,against the moon -,pines in the light,tempslibres
the last light of day ~,purple rhododendrons,dissolve in the dark,tempslibres
trembling,the hair ribbon falls,with inhibitions,tempslibres
beautiful orange butterfly,lands on his shoulder~,oblivious,tempslibres
brilliant Venus drips,from a gold crescent moon,this night as the first,tempslibres
fogged window,a blend of green and gray -,hot tea with milk,tempslibres
morning fog,dissolving cypress -,sfumato,tempslibres
back and forth,grinding ink slowly,the weight of my words,tempslibres
sand through fingers,a tracery of palms,on midnight blue,tempslibres
silken winds,i am wrapped in quietness,of cottonwood seeds,tempslibres
screen of pine,white silence glides,on egret wings,tempslibres
after the fireworks,he marvels,at the moon,tempslibres
in the empty schoolyard,only plastic bags,are going the rounds,tempslibres
for a moment,the gull in the air,is very white,tempslibres
spring breeze--,between pages of an old book,a crushed rose,tempslibres
smell of rain -,soft ridges of mint leaves,oil my fingers,tempslibres
evening sky,counting some fireflies,more than once,tempslibres
the glass jar,full of fireflies,bedtime,tempslibres
putting a cork,in last night's wine,late autumn,tempslibres
A cold morning;,the pink of tulips,through the mist.,tempslibres
Purple loosestrife;,pale in the,lingering mist.,tempslibres
November fog;,not a tree,to be seen.,tempslibres
after the dream,the scent of approaching rain,in the dusty air,tempslibres
after loving-making,scent of wild clover,through the window,tempslibres
my children and I,race to see the sunset,before it fades,tempslibres
summer's end,the tenderness,of light,tempslibres
autumn twilight,captures the mood of leaves,swirling everywhere,tempslibres
white cloud of a moon,drifting in the morning sky,these October days,tempslibres
morning moon,filling up my window,autumn's end,tempslibres
This morning the geese,have taken over the skies,in wild abandon,tempslibres
alabaster moon ~,glowing among bare pine tops,in cool mountain mist,tempslibres
kissing her slowly,where the rain,never falls,tempslibres
smell of rain,young deer run,across the field,tempslibres
white clouds,glide safely,over mine fields,tempslibres
Herding sheep;,the prickly smell,of wet wool.,tempslibres
Late summer;,the greyness of dusk,without fireflies.,tempslibres
bus stop -,all eyes,on the migrating geese,tempslibres
crashing waves-,my thoughts move,with the tide,tempslibres
circle time,she describes her mother,finding a vein,tempslibres
almost Christmas ~,thinking how best to reveal,that dad beats mum,tempslibres
behind net curtains,her face glides from window,to window,tempslibres
her skin,pale in the moonlight,ebb tide,tempslibres
ancient stone circle,the flow,of a robin's song,tempslibres
her small fingers,tightly grip the pencil,--writing her new name,tempslibres
house for sale--,the dandelions allowed,to bloom,tempslibres
hot day--,the cool inside,an apple,tempslibres
in the attic,the sound of march rain,so much louder,tempslibres
A snowy footbridge,the sound of water,under the ice.,tempslibres
Christmas dinner,grandma's fruit cake attracts,only blue jays,tempslibres
A spring morning;,The pond's surface blurred,By raindrops.,tempslibres
Afternoon rain;,Scents rise,From the garden.,tempslibres
new buds,on old branches,once again,tempslibres
summer afternoon,the scent of evergreens,slowly spreading,tempslibres
looking at the sky,dandelions with haircuts,"oh, that wind, that wind",tempslibres
Autumn night --,Puddles by the wayside,filling with the stars,tempslibres
void encroaches,as vision vanishes:,glaucoma wins,tempslibres
graded papers,suddenly the rosebush,blooming,tempslibres
beginning of winter,the snow piled high,on the lawn chairs,tempslibres
Purple nights,fold into morning,"whiteouts,",tempslibres
stars,a full pool,in the garden,tempslibres
through closed eyelids,lightning strikes,my dream,tempslibres
cloudless sky,the gleam of fresh lemons,in a blue bowl,tempslibres
late frost,warmth of the tea mug,against my cheek,tempslibres
library return,her hand's warmth,lingers in the book,tempslibres
breakfast alone--,I find the dove's feather,he left for me,tempslibres
after the postman --,nothing in the mailbox,except a lizard,tempslibres
November afternoon,the insistent bell,of an ice cream vendor,tempslibres
A lull in the storm --,the woodpecker darts,to another tree.,tempslibres
The thyme,has gone to seed --,summer's end.,tempslibres
fine shell new moon,onto cherry pink horizon...,shades of easter egg,tempslibres
cold attic -,faded cigar box,filled with seashells,tempslibres
antique store window,looking at dirty street snow,through colored bottles,tempslibres
Eating alone --,The sound of cold milk,Into a glass.,tempslibres
One just sits;,And blue dawn light floods,his poor house.,tempslibres
"Soprano, clear and cool,",and pale violin float;,Above the freeway noise.,tempslibres
concentration camp,winter branches touch,the statue's shoulders,tempslibres
aged painter ~,trembling leaves,from the tip of his brush,tempslibres
valentine's day,only rain,on the scarecrow,tempslibres
stripping off,her sweatshirt ~,sparks in the dark,tempslibres
A red berry falls,Staining the snow --,A silent sunset.,tempslibres
This dark night;,Only white spots move,On the calico cat.,tempslibres
here and there,breaking through the dusk's mist,bright lights,tempslibres
poetry meeting,I try to read my haiku...,a frog in my throat,tempslibres
a gloomy sunday,I sip my wine,and watch the rain,tempslibres
long after,the funeral service,- the unspoken words,tempslibres
on the roof late --,my brother hammers nails,in the moon,tempslibres
mid-summer --,the nighthawk cries between,Pittsburgh and heaven,tempslibres
cold spring --,burnt waffles,and raspberry jam,tempslibres
cold nose,burrow of warm flannel -,morning light,tempslibres
An ocean breeze,flips through empty pages --,haijin's notebook,tempslibres
long after,the witching hour,a candle flutters,tempslibres
Pressed among pages,of old dictionary,a list of action verbs,tempslibres
Wind howls and,the cedars sway --,drunken sailors,tempslibres
after the party,a lone woman drinks,a birthday gift,tempslibres
grey sea and sky,she dreams of,blue irises,tempslibres
Still under white sheet,his body four hours later-,Rain beats on pavement.,tempslibres
Mother's Day;,the smell of roses,near a grave.,tempslibres
autumn's end,the air smells,different,tempslibres
candlelight bath,the steam rises,from my toes,tempslibres
Now the shore is grey,and the wind is sharp with rain.,Some day we'll sit close,tempslibres
wild iris,in the marsh,unreachable,tempslibres
morning tai chi ~,a breeze stirs the spent petals,of the cherry blossoms,tempslibres
birdsong ~,the rush of the river,over stones,tempslibres
spring afternoon ~,the leaf shadow spreads,on the pond,tempslibres
contact lenses ~,the pines on that hill clear,for the first time,tempslibres
open suitcase ~,she reads the oncology report,backwards,tempslibres
before my door,your footprints in the snow,from last night,tempslibres
brightening sky,the low from street lamps,still lingers,tempslibres
bamboo flute,the scent,of green tea,tempslibres
at the end,of a long learning curve,a helmut of white hair,tempslibres
midwinter vanished,in a bite of homemade,strawberry preserves,tempslibres
while washing spinach,how nice to find,a haiku there,tempslibres
at the feeder,more birds than room,the smell of snow,tempslibres
5am--,bird songs lost,in air conditioner noise,tempslibres
mud puddles,leaving behind,a high heel,tempslibres
cold starry night -,from the forest edge the sound,of animal kill,tempslibres
after four hours of sleep,light snow fills,an empty cup,tempslibres
bitterly cold,a box of old love letters,hidden in the attic,tempslibres
market forecast:,record warmth,followed by rain,tempslibres
in the produce aisle,a voluptuous woman,compares melons,tempslibres
my son's eleventh birthday --,miles of cold gray rain,between us,tempslibres
Mass Pike trafic,the bright red glare,of her lipstick,tempslibres
reflecting,the graffiti landscape,Soho rain,tempslibres
first date --,under the streetlight,our shadows hold hands,tempslibres
tent revival,the preacher's wife,in a miracle bra,tempslibres
asleep on the train,the gentle rise and fall,of her breasts,tempslibres
commuter daydream --,I follow the slit in her skirt,into oncoming trafic,tempslibres
her well-tanned shoulders,wrapped in a sweater --,the end of summer,tempslibres
the NASDAQ falls --,moss clings,to a weathered tombstone,tempslibres
troubled sleep --,somewhere in the darkness,an unlocked door,tempslibres
staring at her neckline,the deep plunge,of the NASDAQ,tempslibres
lunch hour --,the automatic teller machine,eats my card,tempslibres
Veterans' cemetery--,a wide expanse of lawn,beyond the graves.,tempslibres
A pear;,A worm's hole leaves,a bitter taste.,tempslibres
flea market -,a sitting buddha,on his left side,tempslibres
new cracks,in an old mirror,I just noticed,tempslibres
autumn storm,lightning flashes,on buddah's belly,tempslibres
while dusting buddha's mouth,is smile disappeared,for a few seconds,tempslibres
April shower -,last drop,of green tea,tempslibres
Morning fog -,only the scent of,eucalyptus,tempslibres
in the mirror,a much older woman,returns my glance,tempslibres
